Symbol,Name,Last Sale,Net Change,% Change,Market Cap,Country,IPO Year,Volume,Sector,Industry
A,Agilent Technologies Inc. Common Stock,$133.73,-3.28,-2.394%,39565367830.00,United States,1999,1268528,Industrials,Electrical Products
ABB,ABB Ltd Common Stock,$33.12,-0.15,-0.451%,61768800000.00,Switzerland,,1487655,Energy,Electrical Products
ABBV,AbbVie Inc. Common Stock,$153.67,-3.10,-1.977%,271903693544.00,United States,2012,4376471,Health Care,Other Pharmaceuticals
ABC,AmerisourceBergen Corporation Common Stock,$153.44,-2.60,-1.666%,31034496367.00,United States,,722118,Health Care,Other Pharmaceuticals
ABEV,Ambev S.A. American Depositary Shares (Each representing 1 Common Share),$2.63,0.00,0.00%,41400762237.00,,2013,20005973,Consumer Staples,Beverages (Production/Distribution)
ABT,Abbott Laboratories Common Stock,$96.86,-1.47,-1.495%,168337472128.00,United States,,3606686,Health Care,Medical/Dental Instruments
ACI,Albertsons Companies Inc. Class A Common Stock,$19.65,0.31,1.603%,10526848482.00,United States,2020,4922492,Consumer Staples,Food Chains
ACM,AECOM Common Stock,$81.79,-2.16,-2.573%,11364741929.00,United States,2007,688889,Consumer Discretionary,Military/Government/Technical
ACN,Accenture plc Class A Ordinary Shares (Ireland),$253.27,-4.35,-1.689%,159494285764.00,Ireland,2001,3059298,Consumer Discretionary,Business Services
ADM,Archer-Daniels-Midland Company Common Stock,$76.97,-0.72,-0.927%,42180228100.00,United States,,2721624,,
AEE,Ameren Corporation Common Stock,$81.81,-1.93,-2.305%,21434220000.00,United States,,1663758,Utilities,Power Generation
AEM,Agnico Eagle Mines Limited Common Stock,$50.26,0.79,1.597%,22941945777.00,Canada,,3607778,,
AER,AerCap Holdings N.V. Ordinary Shares,$51.60,-1.45,-2.733%,12687384058.00,Netherlands,2006,1374571,Consumer Discretionary,Diversified Commercial Services
AES,The AES Corporation Common Stock,$22.23,-0.74,-3.222%,14848523565.00,United States,,2989698,Utilities,Electric Utilities: Central
AFG,American Financial Group Inc. Common Stock,$118.62,-3.66,-2.993%,10106898480.00,United States,,229885,Finance,Property-Casualty Insurers
AFL,AFLAC Incorporated Common Stock,$63.13,-1.57,-2.427%,38841111280.00,United States,,2015912,Finance,Accident &Health Insurance
AGL,agilon health inc. Common Stock,$27.80,-0.12,-0.43%,11449563051.00,,2021,3553577,Health Care,Managed Health Care
AGR,Avangrid Inc. Common Stock,$37.88,-0.91,-2.346%,14645325870.00,United States,2015,526686,Utilities,Electric Utilities: Central
AIG,American International Group Inc. New Common Stock,$48.75,-2.50,-4.878%,41999379533.00,United States,,5609148,Finance,Life Insurance
AJG,Arthur J. Gallagher & Co. Common Stock,$180.54,-3.34,-1.816%,38291450760.00,United States,,688838,Finance,Specialty Insurers
ALB,Albemarle Corporation Common Stock,$216.11,-6.82,-3.059%,25327654809.00,United States,,1515228,Industrials,Industrial Specialties
ALC,Alcon Inc. Ordinary Shares,$66.67,-0.79,-1.171%,32781639000.00,Switzerland,2019,1676436,Health Care,Ophthalmic Goods
ALL,Allstate Corporation (The) Common Stock,$108.53,-4.01,-3.563%,28579172341.00,United States,,1856350,Finance,Property-Casualty Insurers
AMCR,Amcor plc Ordinary Shares,$10.81,-0.18,-1.638%,16061281454.00,,2019,5859140,Industrials,Containers/Packaging
AME,AMETEK Inc.,$138.46,-1.61,-1.149%,31797947809.00,United States,,1039297,Consumer Discretionary,Metal Fabrications
AMH,American Homes 4 Rent Common Shares of Beneficial Interest,$28.93,-0.96,-3.212%,10225150398.00,,2013,2489407,Real Estate,Real Estate Investment Trusts
AMP,Ameriprise Financial Inc. Common Stock,$296.24,-5.73,-1.898%,31194072000.00,United States,,1096091,Finance,Investment Managers
AMT,American Tower Corporation (REIT) Common Stock,$192.12,-6.07,-3.063%,89452148448.00,United States,,1943412,Real Estate,Real Estate Investment Trusts
AMX,America Movil S.A.B. de C.V. American Depositary Shares (each representing the right to receive twenty (20) Series B Shares,$20.61,0.03,0.146%,65190460500.00,Mexico,2023,917787,Telecommunications,Telecommunications Equipment
ANET,Arista Networks Inc. Common Stock,$166.06,-2.02,-1.202%,50880017467.00,,2014,3037664,Technology,Computer peripheral equipment
AON,Aon plc Class A Ordinary Shares (Ireland),$301.51,-3.32,-1.089%,61852478692.00,United States,,1034572,Finance,Specialty Insurers
AOS,A.O. Smith Corporation Common Stock,$66.49,-0.43,-0.643%,10031964192.00,United States,,938506,Industrials,Industrial Machinery/Components
APD,Air Products and Chemicals Inc. Common Stock,$275.36,-3.45,-1.237%,61152733851.00,United States,,1023271,Industrials,Specialty Chemicals
APH,Amphenol Corporation Common Stock,$77.63,-0.74,-0.944%,46159148422.00,United States,,2653125,Technology,Electrical Products
APO,Apollo Global Management Inc. (New) Common Stock,$58.93,-1.78,-2.932%,33606375759.00,,,3235020,Finance,Investment Managers
APTV,Aptiv PLC Ordinary Shares,$107.76,-3.22,-2.901%,29197526633.00,United Kingdom,2011,1495143,Consumer Discretionary,Auto Parts:O.E.M.
ARE,Alexandria Real Estate Equities Inc. Common Stock,$117.08,-5.89,-4.79%,20265036146.00,United States,,1380448,Real Estate,Real Estate Investment Trusts
ARES,Ares Management Corporation Class A Common Stock,$78.99,0.47,0.599%,13974119715.00,,2014,1863058,Finance,Investment Managers
ASX,ASE Technology Holding Co. Ltd. American Depositary Shares (each representing Two Common Shares) ,$7.60,0.07,0.93%,16304855305.00,,2018,6065941,Technology,Semiconductors
ATO,Atmos Energy Corporation Common Stock,$107.29,-2.92,-2.649%,15359906771.00,United States,,877564,Utilities,Oil/Gas Transmission
AVB,AvalonBay Communities Inc. Common Stock,$155.79,-5.29,-3.284%,21794608312.00,United States,,847361,Real Estate,Real Estate Investment Trusts
AVTR,Avantor Inc. Common Stock,$21.10,-0.50,-2.315%,14230757977.00,,2019,4019246,Industrials,Industrial Specialties
AVY,Avery Dennison Corporation Common Stock,$170.66,-1.72,-0.998%,13818171929.00,United States,,492210,Industrials,Containers/Packaging
AWK,American Water Works Company Inc. Common Stock,$136.38,-2.48,-1.786%,24801878459.00,United States,2008,1058400,Utilities,Water Supply
AXP,American Express Company Common Stock,$162.75,-1.81,-1.10%,121117362251.00,United States,,4366440,Finance,Finance: Consumer Services
AZO,AutoZone Inc. Common Stock,$2349.30,-45.65,-1.906%,44086190880.00,United States,,109691,,
BA,Boeing Company (The) Common Stock,$196.16,-8.54,-4.172%,117350676994.00,United States,,7299450,Industrials,Aerospace
BABA,Alibaba Group Holding Limited American Depositary Shares each representing eight Ordinary share,$83.65,-0.05,-0.06%,221466360970.00,China,2014,21176645,Consumer Discretionary,Catalog/Specialty Distribution
BAC,Bank of America Corporation Common Stock,$27.64,-0.95,-3.323%,221030942345.00,United States,,76719102,Finance,Major Banks
BAH,Booz Allen Hamilton Holding Corporation Common Stock,$90.18,-1.23,-1.346%,11928638227.00,United States,2010,752842,Consumer Discretionary,Professional Services
BALL,Ball Corporation Common Stock,$52.67,0.00,0.00%,16534174301.00,United States,,2022273,Industrials,Containers/Packaging
BAM,Brookfield Asset Management Inc Class A Limited Voting Shares,$31.05,-0.63,-1.989%,12798871479.00,Canada,2022,2040118,,
BAX,Baxter International Inc. Common Stock,$39.16,-0.45,-1.136%,19762962021.00,United States,,6557719,Health Care,Medical/Dental Instruments
BBD,Banco Bradesco Sa American Depositary Shares,$2.49,-0.02,-0.797%,26499003868.00,Brazil,,30947491,Finance,Commercial Banks
BBDO,Banco Bradesco Sa American Depositary Shares (each representing one Common Share),$2.20,-0.01,-0.452%,23412774502.00,Brazil,,7107,Finance,Commercial Banks
BBVA,Banco Bilbao Vizcaya Argentaria S.A. Common Stock,$6.94,-0.11,-1.56%,41814308954.00,Spain,,2473781,Finance,Commercial Banks
BBY,Best Buy Co. Inc. Common Stock,$75.94,-1.83,-2.353%,16802822637.00,United States,,2522246,Consumer Discretionary,Consumer Electronics/Video Chains
BCE,BCE Inc. Common Stock,$43.83,-0.33,-0.747%,39972960000.00,Canada,,1555115,,
BCS,Barclays PLC Common Stock,$6.86,-0.07,-1.01%,27228360151.00,United Kingdom,,14800556,Finance,Commercial Banks
BDX,Becton Dickinson and Company Common Stock,$238.92,-1.33,-0.554%,67829780307.00,United States,,1176729,Health Care,Medical/Dental Instruments
BEKE,KE Holdings Inc American Depositary Shares (each representing three Class A Ordinary Shares),$18.00,-0.82,-4.357%,22503928896.00,China,2020,8891752,Finance,Real Estate
BEN,Franklin Resources Inc. Common Stock,$26.30,-0.64,-2.376%,13159411376.00,United States,,4290643,Finance,Investment Managers
BG,Bunge Limited Bunge Limited,$95.64,-1.56,-1.605%,14326887589.00,United States,2001,1097643,,
BHP,BHP Group Limited American Depositary Shares (Each representing two Ordinary Shares),$57.53,-0.67,-1.151%,145587493222.00,Australia,,3074066,Basic Materials,Metal Mining
BIO,Bio-Rad Laboratories Inc. Class A Common Stock,$466.21,-14.08,-2.932%,13797816425.00,United States,1980,155516,Industrials,Biotechnology: Laboratory Analytical Instruments
BIP,Brookfield Infrastructure Partners LP Limited Partnership Units,$31.95,-0.15,-0.467%,14642146834.00,Bermuda,,263134,Consumer Discretionary,Marine Transportation
BJ,BJ's Wholesale Club Holdings Inc. Common Stock,$75.29,-0.79,-1.038%,10121556113.00,United States,2018,1002122,Consumer Discretionary,Department/Specialty Retail Stores
BK,The Bank of New York Mellon Corporation Common Stock,$43.95,-1.19,-2.636%,35531157750.00,United States,,4974226,Finance,Investment Managers
BLDR,Builders FirstSource Inc. Common Stock,$83.82,-0.41,-0.487%,12336267509.00,United States,2005,2069421,Consumer Discretionary,RETAIL: Building Materials
BLK,BlackRock Inc. Common Stock,$648.32,-13.83,-2.089%,97090128893.00,United States,1999,480136,Finance,Investment Bankers/Brokers/Service
BMO,Bank Of Montreal Common Stock,$85.65,-1.01,-1.165%,60237556352.00,Canada,,573697,,
BMY,Bristol-Myers Squibb Company Common Stock,$67.24,-0.27,-0.40%,141121696761.00,United States,,6657588,Health Care,Biotechnology: Pharmaceutical Preparations
BN,Brookfield Corporation Class A Limited Voting Shares,$29.22,-0.61,-2.045%,59203417703.00,Canada,1925,2799179,Consumer Discretionary,Other Consumer Services
BNS,Bank Nova Scotia Halifax Pfd 3 Ordinary Shares,$48.44,-0.14,-0.288%,57710253440.00,Canada,,2108182,,
BP,BP p.l.c. Common Stock,$36.82,-0.20,-0.54%,110584286978.00,United Kingdom,,8746667,Energy,Integrated oil Companies
BR,Broadridge Financial Solutions Inc. Common Stock,$135.78,-1.15,-0.84%,15980357712.00,United States,,566147,Consumer Discretionary,Business Services
BRK/A,Berkshire Hathaway Inc.,$455660.00,-4855.03,-1.054%,670218446840.00,United States,,4188,,
BRK/B,Berkshire Hathaway Inc.,$299.73,-4.12,-1.356%,661297707230.00,United States,,3086277,,
BRO,Brown & Brown Inc. Common Stock,$54.88,-0.91,-1.631%,15542016000.00,United States,,1246460,Finance,Specialty Insurers
BSBR,Banco Santander Brasil SA American Depositary Shares each representing one unit,$4.93,-0.05,-1.004%,36739698396.00,Brazil,2009,1023764,Finance,Commercial Banks
BSX,Boston Scientific Corporation Common Stock,$48.07,-0.77,-1.577%,68851203326.00,United States,,10461911,Health Care,Medical/Dental Instruments
BTI,British American Tobacco  Industries p.l.c. Common Stock ADR,$36.19,-0.46,-1.255%,80917048953.00,United Kingdom,1998,3545743,Health Care, Medicinal Chemicals and Botanical Products 
BUD,Anheuser-Busch Inbev SA Sponsored ADR (Belgium),$61.65,0.35,0.571%,122238821386.00,Belgium,,1559021,Consumer Staples,Beverages (Production/Distribution)
BURL,Burlington Stores Inc. Common Stock,$205.80,-6.44,-3.034%,13416362749.00,,2013,660655,Consumer Discretionary,Apparel
BWA,BorgWarner Inc. Common Stock,$46.63,-0.58,-1.229%,10917519297.00,United States,,1602221,Consumer Discretionary,Auto Parts:O.E.M.
BX,Blackstone Inc. Common Stock,$83.98,-2.90,-3.338%,62368062597.00,United States,2007,4292276,Finance,Investment Managers
C,Citigroup Inc. Common Stock,$43.71,-1.36,-3.018%,84659838685.00,United States,,21628317,Finance,Major Banks
CAG,ConAgra Brands Inc. Common Stock,$36.32,-0.10,-0.275%,17310929236.00,United States,,4363842,Consumer Staples,Packaged Foods
CAH,Cardinal Health Inc. Common Stock,$69.94,-2.32,-3.211%,18019275786.00,United States,,1925125,Health Care,Other Pharmaceuticals
CARR,Carrier Global Corporation Common Stock ,$44.18,-1.02,-2.257%,36854423278.00,,2020,4161586,Consumer Discretionary,Wholesale Distributors
CAT,Caterpillar Inc. Common Stock,$219.95,-4.97,-2.21%,113570190526.00,United States,,2927067,Industrials,Construction/Ag Equipment/Trucks
CB,Chubb Limited  Common Stock,$190.04,-4.25,-2.187%,78789606434.00,Switzerland,,1406693,Finance,Property-Casualty Insurers
CBRE,CBRE Group Inc Common Stock Class A,$71.21,-3.96,-5.268%,22498695391.00,United States,,2886781,Finance,Real Estate
CCI,Crown Castle Inc. Common Stock,$126.08,-3.41,-2.633%,54598691966.00,United States,,2073080,Real Estate,Real Estate Investment Trusts
CCJ,Cameco Corporation Common Stock,$24.60,-0.80,-3.15%,10644862308.00,Canada,1996,2427457,,
CCL,Carnival Corporation Common Stock,$8.99,-0.13,-1.425%,11683544334.00,United States,1987,47642418,,
CDAY,Ceridian HCM Holding Inc. Common Stock,$67.75,-2.93,-4.145%,10423787699.00,United States,2018,1081420,Technology,EDP Services
CE,Celanese Corporation Celanese Corporation Common Stock,$100.92,-4.25,-4.041%,10942560925.00,United States,2005,1176885,Industrials,Major Chemicals
CF,CF Industries Holdings Inc. Common Stock,$71.19,-3.50,-4.686%,13924764000.00,United States,2005,2481454,Industrials,Agricultural Chemicals
CFG,Citizens Financial Group Inc. Common Stock,$30.96,-2.06,-6.239%,14987936002.00,United States,2014,8099841,Finance,Major Banks
CHD,Church & Dwight Company Inc. Common Stock,$84.23,-0.31,-0.367%,20555548582.00,United States,,1502408,Consumer Discretionary,Package Goods/Cosmetics
CHT,Chunghwa Telecom Co. Ltd.,$38.97,0.32,0.828%,30230770959.00,Taiwan,,174136,Telecommunications,Telecommunications Equipment
CHWY,Chewy Inc. Class A Common Stock,$37.76,-2.12,-5.316%,15985636604.00,,2019,10163033,Consumer Discretionary,Catalog/Specialty Distribution
CI,The Cigna Group Common Stock,$270.44,-6.18,-2.234%,80341233440.00,United States,,1183925,Health Care,Medical Specialities
CL,Colgate-Palmolive Company Common Stock,$72.13,-0.25,-0.345%,59895222123.00,United States,,3180812,Consumer Discretionary,Package Goods/Cosmetics
CLX,Clorox Company (The) Common Stock,$154.64,-2.09,-1.334%,19101894866.00,United States,,795052,Consumer Discretionary,Specialty Chemicals
CM,Canadian Imperial Bank of Commerce Common Stock,$41.81,-0.25,-0.594%,37886124392.00,Canada,,1043045,,
CMG,Chipotle Mexican Grill Inc. Common Stock,$1622.47,-5.49,-0.337%,44815618102.00,United States,2006,230515,Consumer Discretionary,Restaurants
CMI,Cummins Inc. Common Stock,$229.43,-4.94,-2.108%,32435724984.00,United States,,811884,Industrials,Construction/Ag Equipment/Trucks
CMS,CMS Energy Corporation Common Stock,$58.71,-1.24,-2.068%,17100120888.00,United States,,1787353,Utilities,Power Generation
CNA,CNA Financial Corporation Common Stock,$37.70,-1.10,-2.835%,10212998953.00,United States,,179722,Finance,Property-Casualty Insurers
CNC,Centene Corporation Common Stock,$63.60,-1.69,-2.588%,35027954400.00,United States,,2909675,Health Care,Medical Specialities
CNHI,CNH Industrial N.V. Common Shares,$14.55,-0.21,-1.423%,19548045067.00,,2013,3828957,Industrials,Construction/Ag Equipment/Trucks
CNI,Canadian National Railway Company Common Stock,$113.87,-0.97,-0.845%,76568733450.00,Canada,,1214446,,
CNP,CenterPoint Energy Inc (Holding Co) Common Stock,$27.65,-0.59,-2.089%,17413658219.00,United States,,3832076,Utilities,Electric Utilities: Central
CNQ,Canadian Natural Resources Limited Common Stock,$51.89,-1.02,-1.928%,57443838590.00,Canada,,1844644,,
COF,Capital One Financial Corporation Common Stock,$91.01,-3.55,-3.754%,34702113000.00,United States,1994,2688831,Finance,Finance Companies
COO,The Cooper Companies Inc. Common Stock,$344.53,-6.30,-1.796%,17028512390.00,United States,,288740,Health Care,Ophthalmic Goods
COP,ConocoPhillips Common Stock,$98.37,-1.34,-1.344%,119891043715.00,United States,,5634146,Energy,Integrated oil Companies
CP,Canadian Pacific Railway Limited Common Stock,$75.92,-1.34,-1.734%,70643560000.00,Canada,,1657036,,
CPB,Campbell Soup Company Common Stock,$53.59,-0.49,-0.906%,16048466755.00,United States,,1624094,Consumer Staples,Packaged Foods
CPNG,Coupang Inc. Class A Common Stock,$14.23,0.59,4.326%,25191343784.00,,2021,12060193,Consumer Discretionary,Durable Goods
CPT,Camden Property Trust Common Stock,$99.61,-2.58,-2.525%,10811270960.00,United States,1993,1243949,Real Estate,Real Estate Investment Trusts
CRBG,Corebridge Financial Inc. Common Stock,$15.63,-1.05,-6.295%,10081350000.00,,2022,1862309,Finance,Finance Companies
CRH,CRH PLC American Depositary Shares,$50.26,-0.19,-0.377%,37389036319.00,Ireland,,445715,Industrials,Building Materials
CRM,Salesforce Inc. Common Stock,$186.51,-2.17,-1.15%,186510000000.00,United States,2004,6573248,Technology,Computer Software: Prepackaged Software
CSL,Carlisle Companies Incorporated Common Stock,$217.81,-5.45,-2.441%,11140642370.00,United States,,518679,,
CTLT,Catalent Inc. Common Stock,$64.65,-2.13,-3.19%,11642849726.00,United States,2014,1313617,Health Care,Biotechnology: Pharmaceutical Preparations
CTRA,Coterra Energy Inc. Common Stock,$23.50,-0.63,-2.611%,18528982749.00,United States,,8004286,Energy,Oil & Gas Production
CTVA,Corteva Inc. Common Stock ,$57.44,-1.07,-1.829%,40944553120.00,,2019,2320920,Industrials,Major Chemicals
CUK,Carnival Plc ADS ADS,$8.11,-0.15,-1.816%,10539155673.00,United States,,2588829,,
CVE,Cenovus Energy Inc Common Stock,$16.56,-0.32,-1.896%,31616192345.00,Canada,,5043517,,
CVS,CVS Health Corporation Common Stock,$74.41,-1.15,-1.522%,95550749141.00,United States,,6801353,Health Care,Managed Health Care
CVX,Chevron Corporation Common Stock,$156.07,-3.24,-2.034%,301782967874.00,United States,,6310889,Energy,Integrated oil Companies
D,Dominion Energy Inc. Common Stock,$53.21,-0.88,-1.627%,44440652361.00,United States,,3736979,Utilities,Electric Utilities: Central
DAL,Delta Air Lines Inc. Common Stock,$32.77,-1.12,-3.305%,21013390724.00,United States,,10319322,Consumer Discretionary,Air Freight/Delivery Services
DASH,DoorDash Inc. Class A Common Stock,$59.12,-1.25,-2.071%,22951410028.00,,2020,3064768,Industrials,Industrial Machinery/Components
DB,Deutsche Bank AG Common Stock,$10.28,-0.31,-2.927%,20950640000.00,Germany,,4743117,Finance,Commercial Banks
DD,DuPont de Nemours Inc. Common Stock,$68.20,-1.47,-2.11%,31258655146.00,,2017,2904367,Consumer Discretionary,Wholesale Distributors
DE,Deere & Company Common Stock,$394.97,-7.62,-1.893%,117368121618.00,United States,,1202390,Industrials,Industrial Machinery/Components
DECK,Deckers Outdoor Corporation Common Stock,$433.29,-6.59,-1.498%,11421202899.00,United States,1993,490827,Consumer Discretionary,Shoe Manufacturing
DELL,Dell Technologies Inc. Class C Common Stock ,$38.08,-1.07,-2.733%,27270165512.00,,2018,3286279,Technology,Computer Manufacturing
DEO,Diageo plc Common Stock,$177.85,1.14,0.645%,100595336660.00,United Kingdom,,372810,Consumer Staples,Beverages (Production/Distribution)
DFS,Discover Financial Services Common Stock,$94.78,-3.56,-3.62%,25306260000.00,United States,,1721944,Finance,Finance: Consumer Services
DG,Dollar General Corporation Common Stock,$206.44,-3.65,-1.737%,46154781506.00,United States,2009,1798498,Consumer Discretionary,Department/Specialty Retail Stores
DGX,Quest Diagnostics Incorporated Common Stock,$134.32,-1.59,-1.17%,14909520000.00,United States,,1503057,Health Care,Medical Specialities
DHI,D.R. Horton Inc. Common Stock,$95.71,-1.13,-1.167%,32866177433.00,United States,,4690200,,
DHR,Danaher Corporation Common Stock,$246.31,-2.07,-0.833%,179387573000.00,United States,,3182275,Health Care,Medical Specialities
DIS,Walt Disney Company (The) Common Stock,$94.90,-1.64,-1.699%,173364005842.00,United States,,8800150,Consumer Discretionary,Movies/Entertainment
DKS,Dick's Sporting Goods Inc Common Stock,$142.29,-4.35,-2.966%,11868621766.00,United States,2002,1376199,Consumer Discretionary,Other Specialty Stores
DLR,Digital Realty Trust Inc. Common Stock,$92.29,-5.54,-5.663%,26870069408.00,United States,2004,2591539,Real Estate,Real Estate Investment Trusts
DOV,Dover Corporation Common Stock,$140.54,-1.67,-1.174%,19635293128.00,United States,,654030,Industrials,Industrial Machinery/Components
DOW,Dow Inc. Common Stock ,$51.38,-0.68,-1.306%,36216730290.00,,2019,4523321,Industrials,Industrial Specialties
DPZ,Domino's Pizza Inc Common Stock,$312.28,-5.36,-1.687%,11054518074.00,United States,2004,468680,Consumer Discretionary,Food Distributors
DRI,Darden Restaurants Inc. Common Stock,$151.05,-1.38,-0.905%,18383584961.00,United States,,1751163,Consumer Discretionary,Restaurants
DT,Dynatrace Inc. Common Stock,$38.16,-1.08,-2.752%,11030219054.00,United States,2019,2333259,Technology,EDP Services
DTE,DTE Energy Company Common Stock,$103.98,-2.31,-2.173%,20145292224.00,United States,,1055107,Utilities,Electric Utilities: Central
DUK,Duke Energy Corporation (Holding Company) Common Stock,$92.95,-1.82,-1.92%,71577334657.00,United States,,3089410,Utilities,Power Generation
DVN,Devon Energy Corporation Common Stock,$47.76,-1.30,-2.65%,31235040000.00,United States,1985,8627508,Energy,Oil & Gas Production
E,ENI S.p.A. Common Stock,$26.67,-0.24,-0.892%,44610777544.00,Italy,,332076,Energy,Oil & Gas Production
EBR,Centrais Electricas Brasileiras S A American Depositary Shares (Each representing one Common Share),$5.86,-0.05,-0.846%,13459208134.00,,2016,1619823,Utilities,Electric Utilities: Central
EC,Ecopetrol S.A. American Depositary Shares,$10.03,-0.19,-1.859%,20620022382.00,Colombia,,1526104,Energy,Oil & Gas Production
ECL,Ecolab Inc. Common Stock,$155.61,-2.18,-1.382%,44322094417.00,United States,,1120824,Consumer Discretionary,Package Goods/Cosmetics
ED,Consolidated Edison Inc. Common Stock,$92.10,-1.09,-1.17%,32699646434.00,United States,,2536967,Utilities,Power Generation
EFX,Equifax Inc. Common Stock,$197.06,-5.86,-2.888%,24139850000.00,United States,,635779,Finance,Advertising
EIX,Edison International Common Stock,$66.31,-1.50,-2.212%,25322109633.00,United States,,1872722,Utilities,Electric Utilities: Central
EL,Estee Lauder Companies Inc. (The) Common Stock,$237.30,-1.20,-0.503%,84768352985.00,United States,1995,1290497,Consumer Discretionary,Package Goods/Cosmetics
ELP,Companhia Paranaense de Energia (COPEL) American Depositary Shares (each representing one Unit consisting one Common Share and four non-voting Class B Preferred Shares),$6.19,0.07,1.144%,16939267713.00,Brazil,2021,400354,Utilities,Electric Utilities: Central
ELS,Equity Lifestyle Properties Inc. Common Stock,$62.36,-2.28,-3.527%,11606461783.00,United States,,1063271,Real Estate,Real Estate Investment Trusts
ELV,Elevance Health Inc. Common Stock,$465.39,-4.31,-0.918%,110510474373.00,United States,,717340,Health Care,Medical Specialities
EMR,Emerson Electric Company Common Stock,$83.40,-0.59,-0.702%,47654760000.00,United States,,3252201,Industrials,Industrial Machinery/Components
ENB,Enbridge Inc Common Stock,$36.61,-0.47,-1.268%,74131880599.00,Canada,,4797430,Energy,Oil & Gas Production
EOG,EOG Resources Inc. Common Stock,$105.73,-2.89,-2.661%,62104691412.00,United States,,3802232,Energy,Oil & Gas Production
EPAM,EPAM Systems Inc. Common Stock,$275.13,-4.53,-1.62%,15862620150.00,United States,2012,508987,Technology,EDP Services
EPD,Enterprise Products Partners L.P. Common Stock,$24.94,-0.18,-0.717%,54258708069.00,United States,,4658980,Utilities,Natural Gas Distribution
EQNR,Equinor ASA,$27.51,-0.41,-1.468%,85825592197.00,Norway,,3657871,Energy,Integrated oil Companies
EQR,Equity Residential Common Shares of Beneficial Interest,$55.96,-1.47,-2.56%,21186606197.00,United States,,2048322,Real Estate,Real Estate Investment Trusts
EQT,EQT Corporation Common Stock,$29.51,-1.49,-4.806%,10634227436.00,United States,,7467613,Energy,Oil & Gas Production
ES,Eversource Energy (D/B/A) Common Stock,$73.52,-1.40,-1.869%,25620501406.00,United States,,2288989,Utilities,Electric Utilities: Central
ESS,Essex Property Trust Inc. Common Stock,$199.22,-6.92,-3.357%,12870608100.00,United States,1994,476720,Real Estate,Real Estate Investment Trusts
ET,Energy Transfer LP Common Units ,$11.76,-0.35,-2.89%,36392422618.00,United States,,11724973,Utilities,Natural Gas Distribution
ETN,Eaton Corporation PLC Ordinary Shares,$166.16,-0.78,-0.467%,66081832000.00,Ireland,,2213233,Industrials,Industrial Machinery/Components
ETR,Entergy Corporation Common Stock,$100.43,-2.72,-2.637%,21208455895.00,United States,,769073,Utilities,Electric Utilities: Central
EW,Edwards Lifesciences Corporation Common Stock,$79.41,-2.32,-2.839%,48306166776.00,United States,,3259342,Health Care,Industrial Specialties
EXR,Extra Space Storage Inc Common Stock,$149.54,-9.12,-5.748%,20026625297.00,United States,2004,1814710,Real Estate,Real Estate Investment Trusts
F,Ford Motor Company Common Stock,$11.48,-0.24,-2.048%,45761367764.00,United States,,69630109,Consumer Discretionary,Auto Manufacturing
FCX,Freeport-McMoRan Inc. Common Stock,$37.84,-0.42,-1.098%,54137449192.00,United States,,12672088,Basic Materials,Metal Mining
FDX,FedEx Corporation Common Stock,$217.06,-2.77,-1.26%,54785323208.00,United States,,2190222,Consumer Discretionary,Air Freight/Delivery Services
FE,FirstEnergy Corp. Common Stock,$38.36,-1.02,-2.59%,21951325258.00,United States,,2377625,Utilities,Electric Utilities: Central
FERG,Ferguson plc Ordinary Shares,$130.29,-3.29,-2.463%,26882894784.00,,2021,859755,Consumer Discretionary,Industrial Machinery/Components
FICO,Fair Isaac Corproation Common Stock,$678.70,-18.18,-2.609%,17072547150.00,United States,,217292,Technology,Computer Software: Prepackaged Software
FIS,Fidelity National Information Services Inc. Common Stock,$51.27,-1.82,-3.428%,30422564709.00,United States,,5784482,Consumer Discretionary,Business Services
FLT,FleetCor Technologies Inc. Common Stock,$202.16,-8.47,-4.021%,14909777502.00,United States,2010,860441,Technology,EDP Services
FMC,FMC Corporation Common Stock,$118.06,-3.47,-2.855%,14871536869.00,United States,,933495,Industrials,Agricultural Chemicals
FMS,Fresenius Medical Care AG Common Stock,$20.10,0.04,0.199%,11795220650.00,Germany,,864528,Health Care,Medical/Nursing Services
FMX,Fomento Economico Mexicano S.A.B. de C.V. Common Stock,$88.21,0.20,0.227%,31563533928.00,Mexico,,258741,Consumer Staples,Beverages (Production/Distribution)
FNV,Franco-Nevada Corporation,$141.81,1.07,0.76%,27179966285.00,Canada,,479450,,
FTS,Fortis Inc. Common Shares,$40.38,-0.45,-1.102%,19471236000.00,,2016,565269,Utilities,Electric Utilities: Central
FTV,Fortive Corporation Common Stock ,$65.08,-0.86,-1.304%,22966732000.00,,2016,1782972,Industrials,Industrial Machinery/Components
GD,General Dynamics Corporation Common Stock,$219.23,-3.14,-1.412%,60163300738.00,United States,,1043896,Industrials,Aerospace
GDDY,GoDaddy Inc. Class A Common Stock,$73.47,-0.82,-1.104%,11279552795.00,United States,2015,809346,Technology,EDP Services
GE,General Electric Company Common Stock,$89.59,-2.59,-2.81%,97589182283.00,United States,,7003876,Consumer Discretionary,Metal Fabrications
GFI,Gold Fields Limited American Depositary Shares,$11.85,0.31,2.686%,10561289784.00,South Africa,,7416801,Basic Materials,Precious Metals
GFL,GFL Environmental Inc. Subordinate voting shares no par value,$32.51,-0.49,-1.485%,11164066413.00,,2020,775208,,
GGG,Graco Inc. Common Stock,$68.30,-1.19,-1.712%,11510531725.00,United States,,613324,Industrials,Fluid Controls
GIB,CGI Inc. Common Stock,$91.48,-0.17,-0.185%,21811043529.00,Canada,,222133,,
GIS,General Mills Inc. Common Stock,$79.87,-0.88,-1.09%,47092207967.00,United States,,3514526,Consumer Staples,Food Chains
GL,Globe Life Inc. Common Stock,$107.04,-2.85,-2.594%,10411805312.00,United States,,599502,Finance,Life Insurance
GLW,Corning Incorporated Common Stock,$32.77,-0.90,-2.673%,27741883339.00,United States,,4138943,Technology,Industrial Machinery/Components
GM,General Motors Company Common Stock,$34.05,-1.05,-2.991%,47487397545.00,United States,2010,12925346,Consumer Discretionary,Auto Manufacturing
GOLD,Barrick Gold Corporation Common Stock (BC),$18.00,0.31,1.752%,31596293898.00,Canada,,17971497,,
GPC,Genuine Parts Company Common Stock,$162.63,-3.29,-1.983%,22957070188.00,United States,,1261674,Consumer Discretionary,Automotive Aftermarket
GPN,Global Payments Inc. Common Stock,$98.92,-3.53,-3.446%,26031198824.00,United States,,1534059,Consumer Discretionary,Business Services
GRMN,Garmin Ltd. Common Stock (Switzerland),$95.30,-2.06,-2.116%,18265572815.00,Switzerland,2000,646608,Industrials,Industrial Machinery/Components
GS,Goldman Sachs Group Inc. (The) Common Stock,$313.67,-3.61,-1.138%,105719629140.00,United States,1999,2503593,Finance,Investment Bankers/Brokers/Service
GSK,GSK plc American Depositary Shares (Each representing two Ordinary Shares),$34.90,-0.15,-0.428%,71452147712.00,United Kingdom,2022,2301379,Health Care,Biotechnology: Pharmaceutical Preparations
GWW,W.W. Grainger Inc. Common Stock,$668.61,-12.21,-1.793%,33784370534.00,United States,,223852,Consumer Discretionary,Telecommunications Equipment
H,Hyatt Hotels Corporation Class A Common Stock,$108.64,-3.07,-2.748%,11637390452.00,United States,2009,835742,Consumer Discretionary,Hotels/Resorts
HAL,Halliburton Company Common Stock,$30.46,-1.48,-4.634%,27539508816.00,United States,,9841805,Energy,Oil & Gas Production
HCA,HCA Healthcare Inc. Common Stock,$254.38,-4.31,-1.666%,70454712832.00,United States,2011,842741,Health Care,Hospital/Nursing Management
HD,Home Depot Inc. (The) Common Stock,$282.61,-6.82,-2.356%,288032161677.00,United States,,3722543,Consumer Discretionary,RETAIL: Building Materials
HDB,HDFC Bank Limited Common Stock,$62.81,-1.78,-2.756%,116789152552.00,India,2001,2107367,Finance,Commercial Banks
HEI,Heico Corporation Common Stock,$166.30,-1.52,-0.906%,22734960308.00,United States,2000,201172,Industrials,Military/Government/Technical
HES,Hess Corporation Common Stock,$123.66,-2.43,-1.927%,38125424906.00,United States,,1929738,Energy,Oil & Gas Production
HIG,Hartford Financial Services Group Inc. (The) Common Stock,$67.16,-2.40,-3.45%,21162116000.00,United States,,2241956,Finance,Property-Casualty Insurers
HLN,Haleon plc American Depositary Shares (Each representing two Ordinary Shares),$8.19,0.01,0.122%,37815579834.00,,2022,13395343,,
HLT,Hilton Worldwide Holdings Inc. Common Stock ,$137.64,-3.22,-2.286%,36674269393.00,,2016,1878318,Consumer Discretionary,Hotels/Resorts
HMC,Honda Motor Company Ltd. Common Stock,$25.53,0.00,0.00%,42991508093.00,Japan,,967959,Consumer Discretionary,Auto Manufacturing
HPE,Hewlett Packard Enterprise Company Common Stock,$14.43,-0.32,-2.169%,18713014981.00,United States,2015,12263102,Telecommunications,Telecommunications Equipment
HPQ,HP Inc. Common Stock,$27.85,-0.76,-2.656%,27352760419.00,United States,,5558043,Technology,Computer Manufacturing
HRL,Hormel Foods Corporation Common Stock,$38.18,-0.33,-0.857%,20862475727.00,United States,,2031722,Consumer Staples,Meat/Poultry/Fish
HSBC,HSBC Holdings plc. Common Stock,$34.30,0.37,1.09%,136982771240.00,United Kingdom,,3846817,Finance,Savings Institutions
HSY,The Hershey Company Common Stock,$242.74,-0.45,-0.185%,49527687959.00,United States,,823662,Consumer Staples,Specialty Foods
HUBB,Hubbell Inc Common Stock,$236.26,-5.76,-2.38%,12663675866.00,United States,2015,207383,Technology,Industrial Machinery/Components
HUBS,HubSpot Inc. Common Stock,$387.21,-14.09,-3.511%,19125169638.00,United States,2014,468617,Technology,Computer Software: Prepackaged Software
HUM,Humana Inc. Common Stock,$498.33,-2.54,-0.507%,62278722980.00,United States,,618606,Health Care,Medical Specialities
HWM,Howmet Aerospace Inc. Common Stock,$40.51,-0.04,-0.099%,16701578497.00,United States,,4330978,Industrials,Military/Government/Technical
IBM,International Business Machines Corporation Common Stock,$124.05,-2.52,-1.991%,112156875330.00,United States,,3548198,Technology,EDP Services
IBN,ICICI Bank Limited Common Stock,$20.63,-0.14,-0.674%,72003152098.00,India,,3639352,Finance,Commercial Banks
ICE,Intercontinental Exchange Inc. Common Stock,$97.40,-2.32,-2.327%,54432111555.00,United States,2005,2157100,Finance,Investment Bankers/Brokers/Service
IEX,IDEX Corporation Common Stock,$218.85,-3.66,-1.645%,16505909705.00,United States,1989,314585,Industrials,Fluid Controls
IFF,International Flavors & Fragrances Inc. Common Stock,$83.03,-1.63,-1.925%,21169515867.00,United States,,2178033,Industrials,Major Chemicals
IHG,Intercontinental Hotels Group American Depositary Shares (Each representing one Ordinary Share),$66.08,-0.75,-1.122%,11589990453.00,United Kingdom,,109014,Consumer Discretionary,Hotels/Resorts
INFY,Infosys Limited American Depositary Shares,$16.60,-0.29,-1.717%,69199998709.00,India,,8451226,Technology,EDP Services
ING,ING Group N.V. Common Stock,$11.77,-0.18,-1.506%,42735267797.00,Netherlands,1997,4698080,Finance,Commercial Banks
INVH,Invitation Homes Inc. Common Stock,$28.79,-1.40,-4.637%,17602533688.00,United States,2017,3639071,Real Estate,Real Estate Investment Trusts
IP,International Paper Company Common Stock,$34.40,-0.84,-2.384%,12042902018.00,United States,,3744541,Industrials,Containers/Packaging
IPG,Interpublic Group of Companies Inc. (The) Common Stock,$34.48,-0.91,-2.571%,13396332277.00,United States,,2794318,Consumer Discretionary,Advertising
IQV,IQVIA Holdings Inc. Common Stock,$190.01,-6.75,-3.431%,35289155216.00,United States,2013,983724,Health Care,Managed Health Care
IR,Ingersoll Rand Inc. Common Stock,$54.96,-0.94,-1.682%,22265269342.00,United States,2017,2189045,Industrials,Industrial Machinery/Components
IRM,Iron Mountain Incorporated (Delaware)Common Stock REIT,$50.17,-1.04,-2.031%,14585123236.00,United States,,1256174,Real Estate,Real Estate Investment Trusts
IT,Gartner Inc. Common Stock,$312.10,-1.96,-0.624%,24674811700.00,United States,1993,548438,Finance,Diversified Commercial Services
ITUB,Itau Unibanco Banco Holding SA American Depositary Shares (Each repstg 500 Preferred shares),$4.48,-0.03,-0.665%,43907882637.00,Brazil,,34104556,Finance,Major Banks
ITW,Illinois Tool Works Inc. Common Stock,$231.12,-4.04,-1.718%,70507348748.00,United States,,1172413,Industrials,Industrial Machinery/Components
IX,Orix Corp Ads Common Stock,$82.36,0.91,1.117%,18937512653.00,Japan,,29989,Finance,Diversified Financial Services
J,Jacobs Solutions Inc. Common Stock,$112.93,-1.96,-1.706%,14309826249.00,,2022,595558,Industrials,Oilfield Services/Equipment
JBL,Jabil Inc. Common Stock,$82.33,-0.21,-0.254%,10972536019.00,United States,1993,1704773,Technology,Electrical Products
JCI,Johnson Controls International plc Ordinary Share,$58.88,-0.79,-1.324%,40460781215.00,Switzerland,,2596256,Consumer Discretionary,Auto Parts:O.E.M.
JNJ,Johnson & Johnson Common Stock,$151.05,-2.84,-1.845%,393377446068.00,United States,,7937981,Health Care,Biotechnology: Pharmaceutical Preparations
JNPR,Juniper Networks Inc. Common Stock,$31.41,-0.73,-2.271%,10175576972.00,United States,1999,2922266,Technology,Computer peripheral equipment
JPM,JP Morgan Chase & Co. Common Stock,$127.18,-3.37,-2.581%,373184274000.00,United States,,17235459,Finance,Major Banks
K,Kellogg Company Common Stock,$64.49,-0.66,-1.013%,22055580000.00,United States,,1657352,Consumer Staples,Packaged Foods
KB,KB Financial Group Inc,$37.23,-0.08,-0.214%,14506086292.00,South Korea,,191429,Finance,Commercial Banks
KEY,KeyCorp Common Stock,$12.05,-0.71,-5.564%,11246566250.00,United States,,27891568,Finance,Major Banks
KEYS,Keysight Technologies Inc. Common Stock,$154.83,-2.42,-1.539%,27613016074.00,United States,2014,726747,Industrials,Industrial Machinery/Components
KIM,Kimco Realty Corporation (HC) Common Stock,$17.57,-0.65,-3.568%,10866756237.00,United States,,4319261,Real Estate,Real Estate Investment Trusts
KKR,KKR & Co. Inc. Common Stock,$50.36,-0.67,-1.313%,43365523672.00,United States,,2601869,Finance,Investment Managers
KMB,Kimberly-Clark Corporation Common Stock,$127.41,-0.61,-0.476%,43001811336.00,United States,,1429214,Consumer Discretionary,Paper
KMI,Kinder Morgan Inc. Common Stock,$16.62,-0.20,-1.189%,37361813583.00,United States,2011,12424013,Utilities,Natural Gas Distribution
KO,Coca-Cola Company (The) Common Stock,$60.05,-0.27,-0.448%,259896400000.00,United States,,10491481,Consumer Staples,Beverages (Production/Distribution)
KOF,Coca Cola Femsa S.A.B. de C.V.  American Depositary Shares each representing 10 Units (each Unit consists of 3 Series B Shares and 5 Series L Shares),$77.26,0.13,0.169%,16231030041.00,Mexico,1993,150920,Consumer Staples,Beverages (Production/Distribution)
KR,Kroger Company (The) Common Stock,$48.04,0.28,0.586%,34388082875.00,United States,,7411632,Consumer Staples,Food Chains
L,Loews Corporation Common Stock,$54.44,-1.58,-2.82%,12793273318.00,United States,,1064816,Finance,Property-Casualty Insurers
LDOS,Leidos Holdings Inc. Common Stock,$91.31,-1.33,-1.436%,12503778922.00,United States,,589281,Technology,EDP Services
LEN,Lennar Corporation Class A Common Stock,$102.59,-0.88,-0.85%,29720365575.00,United States,,1964035,Real Estate,Building operators
LH,Laboratory Corporation of America Holdings Common Stock,$216.99,-4.32,-1.952%,19138518000.00,United States,,491373,Health Care,Medical Specialities
LHX,L3Harris Technologies Inc. Common Stock,$192.19,-5.61,-2.836%,36593513171.00,United States,,1294571,Industrials,Industrial Machinery/Components
LIN,Linde plc Ordinary Shares,$339.15,-2.15,-0.63%,167051974632.00,,2023,1434212,Industrials,Major Chemicals
LLY,Eli Lilly and Company Common Stock,$330.97,-0.11,-0.033%,314480379563.00,United States,,2472209,Health Care,Biotechnology: Pharmaceutical Preparations
LMT,Lockheed Martin Corporation Common Stock,$468.90,-5.86,-1.234%,119708903032.00,United States,,1261719,Industrials,Aerospace
LOW,Lowe's Companies Inc. Common Stock,$191.57,-5.22,-2.653%,115842872293.00,United States,,3275435,Consumer Discretionary,RETAIL: Building Materials
LSI,Life Storage Inc. Common Stock,$122.69,-1.19,-0.961%,10428350146.00,United States,,2274020,Real Estate,Real Estate Investment Trusts
LUV,Southwest Airlines Company Common Stock,$30.08,-0.96,-3.093%,17876140236.00,United States,,5680331,Consumer Discretionary,Air Freight/Delivery Services
LVS,Las Vegas Sands Corp. Common Stock,$54.44,-0.72,-1.305%,41607042317.00,United States,2004,3427114,Consumer Discretionary,Hotels/Resorts
LW,Lamb Weston Holdings Inc. Common Stock ,$99.71,0.06,0.06%,14345336529.00,,2016,1528881,Consumer Staples,Specialty Foods
LYB,LyondellBasell Industries NV Ordinary Shares Class A (Netherlands),$86.77,-1.71,-1.933%,28254432051.00,Netherlands,,1827143,Industrials,Major Chemicals
LYG,Lloyds Banking Group Plc American Depositary Shares,$2.28,-0.04,-1.724%,38421869352.00,United Kingdom,,21183874,Finance,Commercial Banks
LYV,Live Nation Entertainment Inc. Common Stock,$66.24,-2.99,-4.319%,15293483185.00,United States,,2241273,Consumer Discretionary,Movies/Entertainment
MA,Mastercard Incorporated Common Stock,$351.03,-3.54,-0.998%,334616726710.00,United States,2006,2596084,Consumer Discretionary,Business Services
MAA,Mid-America Apartment Communities Inc. Common Stock,$140.75,-4.14,-2.857%,16411284056.00,United States,1994,726830,Real Estate,Real Estate Investment Trusts
MAS,Masco Corporation Common Stock,$49.18,-2.12,-4.133%,11075489392.00,United States,,2325368,Industrials,Building Products
MCD,McDonald's Corporation Common Stock,$267.87,-2.34,-0.866%,196194387950.00,United States,,2240470,Consumer Discretionary,Restaurants
MCK,McKesson Corporation Common Stock,$341.82,-5.65,-1.626%,46808566573.00,United States,,589600,Health Care,Other Pharmaceuticals
MCO,Moody's Corporation Common Stock,$290.83,-6.26,-2.107%,53280056000.00,United States,,843997,Finance,Advertising
MDT,Medtronic plc. Ordinary Shares,$79.94,-1.29,-1.588%,106350280383.00,United States,,5537787,Health Care,Biotechnology: Electromedical & Electrotherapeutic Apparatus
MET,MetLife Inc. Common Stock,$56.11,-2.42,-4.135%,43715301000.00,United States,2000,5599520,Finance,Life Insurance
MFC,Manulife Financial Corporation Common Stock,$17.81,-0.19,-1.056%,33094806746.00,Canada,,3275810,Consumer Discretionary,Advertising
MFG,Mizuho Financial Group Inc. Sponosred ADR (Japan),$2.78,-0.02,-0.714%,35226452232.00,Japan,,1021576,Finance,Major Banks
MGA,Magna International Inc. Common Stock,$50.67,-0.80,-1.554%,14488165117.00,Canada,,779846,Consumer Discretionary,Auto Parts:O.E.M.
MGM,MGM Resorts International Common Stock,$41.59,-1.09,-2.554%,15766250123.00,United States,,3219917,Consumer Discretionary,Hotels/Resorts
MKC,McCormick & Company Incorporated Common Stock,$72.11,-0.68,-0.934%,19332944250.00,United States,,1203225,Consumer Staples,Farming/Seeds/Milling
MKL,Markel Corporation Common Stock,$1224.32,-19.48,-1.566%,16416429395.00,United States,1986,61782,Finance,Property-Casualty Insurers
MLM,Martin Marietta Materials Inc. Common Stock,$328.36,-6.80,-2.029%,20388100282.00,United States,1994,488970,Industrials,Building Materials
MMC,Marsh & McLennan Companies Inc. Common Stock,$157.91,-2.51,-1.565%,78097777827.00,United States,,1263748,Finance,Specialty Insurers
MMM,3M Company Common Stock,$101.54,-2.75,-2.637%,55897770000.00,United States,,2802912,Industrials,Consumer Electronics/Appliances
MMP,Magellan Midstream Partners L.P. Limited Partnership,$51.31,-0.87,-1.667%,10515270111.00,United States,,688292,Energy,Oil & Gas Production
MO,Altria Group Inc.,$45.15,-1.05,-2.273%,80616865608.00,United States,,10862635,Health Care, Medicinal Chemicals and Botanical Products 
MOH,Molina Healthcare Inc Common Stock,$265.09,-1.15,-0.432%,15348711000.00,United States,2003,494134,Health Care,Medical Specialities
MOS,Mosaic Company (The) Common Stock,$43.97,-1.40,-3.086%,14970951065.00,United States,,3306809,Industrials,Agricultural Chemicals
MPC,Marathon Petroleum Corporation Common Stock,$126.98,-1.31,-1.021%,57648920000.00,United States,,3224920,Energy,Integrated oil Companies
MPLX,MPLX LP Common Units Representing Limited Partner Interests,$33.79,-0.23,-0.676%,33899577895.00,United States,2012,2617546,Energy,Oil & Gas Production
MRK,Merck & Company Inc. Common Stock (new),$104.40,-1.14,-1.08%,264695339686.00,United States,,5700281,Health Care,Biotechnology: Pharmaceutical Preparations
MRO,Marathon Oil Corporation Common Stock,$22.28,-0.68,-2.962%,14028695665.00,United States,,10091737,Energy,Oil & Gas Production
MS,Morgan Stanley Common Stock,$87.55,-1.21,-1.363%,146646250000.00,United States,,7298575,Finance,Investment Bankers/Brokers/Service
MSCI,MSCI Inc Common Stock,$547.18,-7.15,-1.29%,43752506781.00,United States,,414351,Finance,Advertising
MSI,Motorola Solutions Inc. Common Stock,$267.54,-4.12,-1.517%,44746083995.00,United States,,463620,Technology,Radio And Television Broadcasting And Communications Equipment
MT,Arcelor Mittal NY Registry Shares NEW,$27.95,-0.13,-0.463%,22499750000.00,Luxembourg,,2557840,Industrials,Steel/Iron Ore
MTB,M&T Bank Corporation Common Stock,$117.66,-9.89,-7.754%,19918073100.00,United States,,2659930,Finance,Major Banks
MTD,Mettler-Toledo International Inc. Common Stock,$1452.26,-47.96,-3.197%,32103913706.00,Switzerland,1997,92084,Health Care,Medical Specialities
MUFG,Mitsubishi UFJ Financial Group Inc. Common Stock,$6.34,-0.05,-0.782%,76958640312.00,Japan,,4795848,Finance,Commercial Banks
NEE,NextEra Energy Inc. Common Stock,$74.13,-1.23,-1.632%,147333027034.00,United States,,7038010,Utilities,Electric Utilities: Central
NEM,Newmont Corporation,$46.64,0.04,0.086%,37019974414.00,United States,,8649882,Basic Materials,Precious Metals
NET,Cloudflare Inc. Class A Common Stock,$55.44,-1.82,-3.178%,18299967840.00,United States,2019,4704627,Technology,EDP Services
NGG,National Grid Transco PLC National Grid PLC (NEW) American Depositary Shares,$63.72,-0.21,-0.328%,46851399685.00,United Kingdom,,314520,Utilities,Natural Gas Distribution
NI,NiSource Inc Common Stock,$26.37,-0.61,-2.261%,10709762599.00,United States,,3620631,Utilities,Power Generation
NIO,NIO Inc. American depositary shares each  representing one Class A ordinary share,$9.09,-0.18,-1.942%,15185150742.00,,2018,36614980,Finance,Finance Companies
NKE,Nike Inc. Common Stock,$119.50,-6.11,-4.864%,185292276469.00,United States,,17620023,Consumer Discretionary,Shoe Manufacturing
NMR,Nomura Holdings Inc ADR American Depositary Shares,$3.72,0.04,1.087%,11168561215.00,Japan,,1032788,Finance,Investment Bankers/Brokers/Service
NOC,Northrop Grumman Corporation Common Stock,$443.60,-6.38,-1.418%,67894475376.00,United States,,726141,Technology,Security Systems Services
NOK,Nokia Corporation Sponsored American Depositary Shares,$4.59,-0.06,-1.29%,25652203154.00,Finland,1994,16597880,Technology,Radio And Television Broadcasting And Communications Equipment
NOW,ServiceNow Inc. Common Stock,$433.51,-11.95,-2.683%,88002530000.00,United States,2012,931456,Technology,Computer Software: Prepackaged Software
NSC,Norfolk Southern Corporation Common Stock,$200.58,-4.81,-2.342%,45688554077.00,United States,,1636257,Industrials,Railroads
NTR,Nutrien Ltd. Common Shares,$74.37,-0.85,-1.13%,37723892829.00,,2004,3231896,Industrials,Aerospace
NU,Nu Holdings Ltd. Class A Ordinary Shares,$4.32,-0.11,-2.483%,20241636229.00,Cayman Islands,2021,16514825,Finance,Finance: Consumer Services
NUE,Nucor Corporation Common Stock,$147.55,-4.55,-2.991%,37330150000.00,United States,,1407869,Industrials,Steel/Iron Ore
NVO,Novo Nordisk A/S Common Stock,$146.69,-0.60,-0.407%,330317950517.00,Denmark,,1049004,Health Care,Biotechnology: Biological Products (No Diagnostic Substances)
NVR,NVR Inc. Common Stock,$5426.07,-56.17,-1.025%,17631173424.00,United States,1998,24767,Consumer Discretionary,Homebuilding
NVS,Novartis AG Common Stock,$81.96,-1.71,-2.044%,173723158312.00,Switzerland,,3435249,Health Care,Biotechnology: Pharmaceutical Preparations
NWG,NatWest Group plc American Depositary Shares (each representing two (2) Ordinary Shares),$6.52,-0.15,-2.249%,31528872388.00,United Kingdom,2022,2077251,Finance,Commercial Banks
O,Realty Income Corporation Common Stock,$59.40,-1.87,-3.052%,39219079343.00,United States,,4152113,Real Estate,Real Estate Investment Trusts
OKE,ONEOK Inc. Common Stock,$60.22,-1.65,-2.667%,26915560365.00,United States,,2435907,Utilities,Oil & Gas Production
OMC,Omnicom Group Inc. Common Stock,$87.64,-2.26,-2.514%,17765796942.00,United States,,1714069,Consumer Discretionary,Advertising
ORAN,Orange,$11.74,0.06,0.514%,31209634174.00,France,,403370,Telecommunications,Telecommunications Equipment
ORCL,Oracle Corporation Common Stock,$87.90,0.32,0.365%,237000638700.00,United States,1986,7233081,Technology,Computer Software: Prepackaged Software
OTIS,Otis Worldwide Corporation Common Stock ,$80.64,-1.67,-2.029%,33455073335.00,,2020,1464445,,
OXY,Occidental Petroleum Corporation Common Stock,$58.68,-1.56,-2.59%,53335082263.00,United States,,13908185,Energy,Oil & Gas Production
PAYC,Paycom Software Inc. Common Stock,$266.85,-10.50,-3.786%,16096679397.00,,2014,334478,Technology,Computer Software: Prepackaged Software
PBA,Pembina Pipeline Corp. Ordinary Shares (Canada),$31.04,-0.24,-0.767%,17120546560.00,Canada,,697088,Energy,Oil & Gas Production
PBR,Petroleo Brasileiro S.A.- Petrobras Common Stock,$9.91,-0.09,-0.90%,64634017243.00,Brazil,,14505217,Energy,Oil & Gas Production
PCG,Pacific Gas & Electric Co. Common Stock,$15.54,-0.43,-2.693%,32986759321.00,United States,,16889639,Utilities,Power Generation
PEAK,Healthpeak Properties Inc. Common Stock,$20.23,-0.67,-3.206%,11061410157.00,United States,,5927012,Real Estate,Real Estate Investment Trusts
PEG,Public Service Enterprise Group Incorporated Common Stock,$57.13,-1.40,-2.392%,28504998875.00,United States,,2194659,Utilities,Power Generation
PEN,Penumbra Inc. Common Stock,$273.61,3.54,1.311%,10391298479.00,,2015,515816,Health Care,Medical/Dental Instruments
PFE,Pfizer Inc. Common Stock,$40.01,-0.65,-1.599%,224588714625.00,United States,,15440144,Health Care,Biotechnology: Pharmaceutical Preparations
PG,Procter & Gamble Company (The) Common Stock,$143.99,-0.09,-0.062%,339693158383.00,United States,,5725363,Consumer Discretionary,Package Goods/Cosmetics
PGR,Progressive Corporation (The) Common Stock,$136.69,-3.54,-2.524%,79949981000.00,United States,,2215909,Finance,Property-Casualty Insurers
PH,Parker-Hannifin Corporation Common Stock,$322.12,-4.09,-1.254%,41317053584.00,United States,,1241834,Industrials,Office Equipment/Supplies/Services
PHG,Koninklijke Philips N.V. NY Registry Shares,$16.37,-0.23,-1.386%,14429836227.00,Netherlands,,1294354,Health Care,Biotechnology: Electromedical & Electrotherapeutic Apparatus
PHM,PulteGroup Inc. Common Stock,$55.93,0.11,0.197%,12617627905.00,United States,,3243332,,
PINS,Pinterest Inc. Class A Common Stock,$27.47,-0.05,-0.182%,18785848548.00,,2019,10407738,Technology,Interactive Media
PKG,Packaging Corporation of America Common Stock,$130.72,-2.24,-1.685%,12096107226.00,United States,2000,523844,Basic Materials,Paper
PKI,PerkinElmer Inc. Common Stock,$125.09,-0.46,-0.366%,15800858433.00,United States,,1016028,Health Care,Medical Specialities
PKX,POSCO Holdings Inc. American Depositary Shares (Each representing 1/4th of a share of Common Stock),$62.80,1.46,2.38%,19044728000.00,South Korea,1994,213575,Industrials,Steel/Iron Ore
PLD,Prologis Inc. Common Stock,$114.12,-4.24,-3.582%,105381717480.00,United States,,3472236,Real Estate,Real Estate Investment Trusts
PLTR,Palantir Technologies Inc. Class A Common Stock,$8.21,-0.24,-2.84%,17078400498.00,,2020,34056989,Technology,Retail: Computer Software & Peripheral Equipment
PM,Philip Morris International Inc Common Stock,$92.37,-3.33,-3.48%,143195012511.00,United States,,7747010,Health Care, Medicinal Chemicals and Botanical Products 
PNC,PNC Financial Services Group Inc. (The) Common Stock,$124.40,-7.22,-5.485%,49884400000.00,United States,,4246250,Finance,Major Banks
PPG,PPG Industries Inc. Common Stock,$123.61,-2.99,-2.362%,29070598935.00,United States,,948259,Consumer Discretionary,Paints/Coatings
PPL,PPL Corporation Common Stock,$26.26,-0.52,-1.942%,19345160446.00,United States,,4027198,Utilities,Electric Utilities: Central
PRU,Prudential Financial Inc. Common Stock,$78.68,-3.77,-4.572%,28796880000.00,United States,2001,3360350,Finance,Life Insurance
PSA,Public Storage Common Stock,$284.97,-7.95,-2.714%,50051671428.00,United States,,1101027,Real Estate,Real Estate Investment Trusts
PSX,Phillips 66 Common Stock,$94.69,-0.86,-0.90%,44125540000.00,United States,,3009282,Energy,Integrated oil Companies
PUK,Prudential Public Limited Company Common Stock,$25.89,-0.21,-0.805%,35594471859.00,United Kingdom,,986654,Finance,Life Insurance
PWR,Quanta Services Inc. Common Stock,$158.56,-3.06,-1.893%,22658407295.00,United States,,752247,Industrials,Engineering & Construction
PXD,Pioneer Natural Resources Company Common Stock,$189.81,-5.53,-2.831%,45098615511.00,United States,,1546612,Energy,Oil & Gas Production
QGEN,Qiagen N.V. Common Shares ,$45.94,-0.47,-1.013%,10461273040.00,Netherlands,,466360,Health Care,Biotechnology: Biological Products (No Diagnostic Substances)
QSR,Restaurant Brands International Inc. Common Shares,$62.33,0.43,0.695%,19144188036.00,Canada,2014,1183519,,
RACE,Ferrari N.V. Common Shares,$265.17,-1.47,-0.551%,48371466303.00,,2015,284167,Consumer Discretionary,Auto Manufacturing
RBLX,Roblox Corporation Class A Common Stock,$42.85,-1.89,-4.224%,25910293841.00,United States,2021,7292543,Technology,EDP Services
RCI,Rogers Communication Inc. Common Stock,$45.24,-0.22,-0.484%,22842821341.00,Canada,,213147,,
RCL,D/B/A Royal Caribbean Cruises Ltd. Common Stock,$60.75,-2.64,-4.165%,15505752058.00,United States,1993,4375951,,
RE,Everest Re Group Ltd. Common Stock,$345.87,-7.88,-2.228%,13558104000.00,Bermuda,,328989,Finance,Property-Casualty Insurers
RELX,RELX PLC PLC American Depositary Shares (Each representing One Ordinary Share),$31.61,0.16,0.509%,60343618906.00,United Kingdom,2015,855652,Consumer Discretionary,Publishing
REXR,Rexford Industrial Realty Inc. Common Stock,$54.50,-2.59,-4.537%,10721995316.00,United States,2013,1419848,Real Estate,Real Estate Investment Trusts
RF,Regions Financial Corporation Common Stock,$17.82,-1.16,-6.112%,16651820699.00,United States,,19663448,Finance,Major Banks
RIO,Rio Tinto Plc Common Stock,$65.05,-0.93,-1.41%,105443242312.00,Australia,2002,2833211,Basic Materials,Metal Mining
RJF,Raymond James Financial Inc. Common Stock,$91.74,-3.39,-3.564%,19756349454.00,United States,,2139231,Finance,Investment Bankers/Brokers/Service
RMD,ResMed Inc. Common Stock,$210.78,-3.09,-1.445%,30965566072.00,United States,,428028,Health Care,Medical/Dental Instruments
ROK,Rockwell Automation Inc. Common Stock,$277.63,-5.53,-1.953%,31867050761.00,United States,,776906,Industrials,Industrial Machinery/Components
ROL,Rollins Inc. Common Stock,$36.38,-0.39,-1.061%,17909148328.00,United States,,927660,Consumer Discretionary,Industrial Specialties
ROP,Roper Technologies Inc. Common Stock,$428.58,-1.86,-0.432%,45451789303.00,United States,1992,854117,Technology,Computer Software: Prepackaged Software
RPM,RPM International Inc. Common Stock,$83.20,-3.51,-4.048%,10740291245.00,United States,,1168756,Consumer Discretionary,Paints/Coatings
RS,Reliance Steel & Aluminum Co. Common Stock (DE),$247.51,-3.03,-1.209%,14550370370.00,United States,1994,338682,Industrials,Steel/Iron Ore
RSG,Republic Services Inc. Common Stock,$129.47,-1.14,-0.873%,40912641184.00,United States,1998,1084886,Utilities,Environmental Services
RTO,Rentokil Initial plc American Depositary Shares (each representing five (5) Ordinary Shares),$33.96,-0.22,-0.644%,17116110899.00,,2022,160971,Consumer Discretionary,Business Services
RTX,Raytheon Technologies Corporation Common Stock,$96.70,-1.31,-1.337%,141661108273.00,United States,,4041988,Industrials,Military/Government/Technical
RY,Royal Bank Of Canada Common Stock,$93.26,-1.41,-1.489%,128966132308.00,Canada,,899719,,
SAN,Banco Santander S.A. Sponsored ADR (Spain),$3.56,-0.03,-0.836%,59660314361.00,Spain,,6527247,Finance,Commercial Banks
SAP,SAP  SE ADS,$122.24,-1.24,-1.004%,142971904000.00,Germany,,480549,Technology,EDP Services
SCCO,Southern Copper Corporation Common Stock,$70.96,-0.39,-0.547%,54859067360.00,United States,,1024033,Basic Materials,Metal Mining
SCHW,Charles Schwab Corporation (The) Common Stock,$56.26,-3.21,-5.398%,105022757069.00,United States,,35631030,Finance,Investment Bankers/Brokers/Service
SE,Sea Limited American Depositary Shares each representing one Class A Ordinary Share,$77.66,-2.20,-2.755%,43624569974.00,United States,2017,5059168,Technology,Computer Software: Prepackaged Software
SHEL,Royal Dutch Shell PLC American Depositary Shares (each representing two (2) Ordinary Shares) ,$56.85,-0.27,-0.473%,197242578739.00,Netherlands,2022,7104193,Energy,Oil & Gas Production
SHG,Shinhan Financial Group Co Ltd American Depositary Shares,$26.90,-0.10,-0.37%,13686142107.00,South Korea,,169496,Finance,Major Banks
SHOP,Shopify Inc. Class A Subordinate Voting Shares,$44.96,-0.78,-1.705%,57396091876.00,Canada,2015,17056108,,
SHW,Sherwin-Williams Company (The) Common Stock,$211.34,-9.46,-4.284%,54767369537.00,United States,,2572660,Consumer Discretionary,Paints/Coatings
SJM,J.M. Smucker Company (The) New Common Stock,$151.97,-2.14,-1.389%,16205930502.00,United States,,770938,Consumer Staples,Packaged Foods
SJR,Shaw Communications Inc. Common Stock,$28.37,-0.15,-0.526%,14177532420.00,Canada,,1020666,,
SLB,Schlumberger N.V. Common Stock,$47.40,-0.88,-1.823%,67316934521.00,France,,11556705,Energy,Oilfield Services/Equipment
SLF,Sun Life Financial Inc. Common Stock,$45.17,-0.30,-0.66%,26487555833.00,Canada,,480833,Consumer Discretionary,Advertising
SMFG,Sumitomo Mitsui Financial Group Inc Unsponsored American Depositary Shares (Japan),$7.89,-0.09,-1.128%,53471989413.00,Japan,,3254062,Finance,Commercial Banks
SNA,Snap-On Incorporated Common Stock,$233.66,-5.42,-2.267%,12410723555.00,United States,,276941,Consumer Discretionary,Diversified Manufacture
SNAP,Snap Inc. Class A Common Stock,$11.05,-0.33,-2.90%,17473753419.00,United States,2017,21135943,Technology,Internet and Information Services
SNN,Smith & Nephew SNATS Inc. Common Stock,$28.53,-0.13,-0.454%,12458384853.00,United Kingdom,,1468421,Health Care,Industrial Specialties
SNOW,Snowflake Inc. Class A Common Stock,$135.63,-5.84,-4.128%,43618608000.00,United States,2020,4513183,Technology,Computer Software: Prepackaged Software
SO,Southern Company (The) Common Stock,$66.71,-0.42,-0.626%,72641047276.00,United States,,6618649,Utilities,Power Generation
SONY,Sony Group Corporation American Depositary Shares ,$87.44,-1.93,-2.16%,107961322543.00,Japan,,785880,Consumer Staples,Consumer Electronics/Appliances
SPG,Simon Property Group Inc. Common Stock,$104.31,-4.81,-4.408%,34104549939.00,United States,,1648913,Real Estate,Real Estate Investment Trusts
SPGI,S&P Global Inc. Common Stock,$335.72,-5.88,-1.721%,110519024000.00,United States,,1133796,Finance,Advertising
SPOT,Spotify Technology S.A. Ordinary Shares,$128.20,-0.61,-0.474%,24796219522.00,Luxembourg,2018,1792578,Consumer Discretionary,Broadcasting
SQ,Block Inc. Class A Common Stock,$72.65,-4.81,-6.21%,43449865270.00,United States,2015,17567464,Technology,Computer Software: Prepackaged Software
SQM,Sociedad Quimica y Minera S.A. Common Stock,$81.07,-0.85,-1.038%,23156657095.00,Chile,1993,2524798,Industrials,Agricultural Chemicals
SRE,DBA Sempra Common Stock,$142.00,-3.59,-2.466%,44635337546.00,United States,,1524363,Utilities,Oil/Gas Transmission
STE,STERIS plc (Ireland) Ordinary Shares,$181.44,-3.05,-1.653%,18014169338.00,United States,,418080,Health Care,Industrial Specialties
STLA,Stellantis N.V. Common Shares,$17.31,-0.11,-0.631%,55623473284.00,United Kingdom,2014,3762249,Consumer Discretionary,Auto Manufacturing
STM,STMicroelectronics N.V. Common Stock,$49.31,-0.40,-0.805%,44514956201.00,Switzerland,,3222805,Technology,Semiconductors
STT,State Street Corporation Common Stock,$73.75,-2.97,-3.871%,25405297561.00,United States,,2682061,Finance,Investment Managers
STZ,Constellation Brands Inc. Common Stock,$214.14,-2.03,-0.939%,39508448617.00,United States,,712193,Consumer Staples,Beverages (Production/Distribution)
SU,Suncor Energy  Inc. Common Stock,$30.01,-0.42,-1.38%,39913502868.00,Canada,,4753725,,
SUI,Sun Communities Inc. Common Stock,$129.45,-4.12,-3.085%,16037590274.00,United States,1993,632797,Real Estate,Real Estate Investment Trusts
SUZ,Suzano S.A. American Depositary Shares (each representing One Ordinary Share),$8.12,-0.04,-0.49%,10630035034.00,,2018,1251440,Basic Materials,Paper
SWK,Stanley Black & Decker Inc. Common Stock,$76.55,-3.12,-3.916%,11324943718.00,United States,,2140213,Consumer Discretionary,Diversified Manufacture
SYF,Synchrony Financial Common Stock,$28.94,-0.96,-3.211%,12647797530.00,United States,2014,4394072,Finance,Diversified Financial Services
SYK,Stryker Corporation Common Stock,$272.34,-5.78,-2.078%,103170902353.00,United States,,1453737,Health Care,Medical/Dental Instruments
SYY,Sysco Corporation Common Stock,$74.06,-1.14,-1.516%,37593153647.00,United States,,1604449,Consumer Discretionary,Food Distributors
T,AT&T Inc.,$18.39,-0.15,-0.809%,131118315240.00,United States,,21067947,Consumer Discretionary,Telecommunications Equipment
TAK,Takeda Pharmaceutical Company Limited American Depositary Shares (each representing 1/2 of a share of Common Stock),$16.43,0.03,0.183%,51279424086.00,,2018,2043754,Health Care,Biotechnology: Pharmaceutical Preparations
TAP,Molson Coors Beverage Company Class B Common Stock,$49.99,-0.92,-1.807%,10811830851.00,Canada,,996919,Consumer Staples,Beverages (Production/Distribution)
TD,Toronto Dominion Bank (The) Common Stock,$56.79,-0.42,-0.734%,103395780527.00,Canada,,3203591,,
TDG,Transdigm Group Incorporated Common Stock,$704.88,-11.58,-1.616%,38485083352.00,United States,2006,208234,Industrials,Military/Government/Technical
TDY,Teledyne Technologies Incorporated Common Stock,$421.05,-3.51,-0.827%,19735073708.00,United States,,347154,Industrials,Industrial Machinery/Components
TECK,Teck Resources Ltd Ordinary Shares,$34.72,-0.60,-1.699%,17786460066.00,Canada,,2865094,,
TEF,Telefonica SA Common Stock,$4.09,-0.01,-0.244%,23620721596.00,Spain,1988,756432,Telecommunications,Telecommunications Equipment
TEL,TE Connectivity Ltd. New Switzerland Registered Shares,$123.81,-1.61,-1.284%,39180493627.00,Switzerland,,1799115,Technology,Industrial Machinery/Components
TFC,Truist Financial Corporation Common Stock,$32.49,-1.21,-3.591%,43108674210.00,United States,,27997594,Finance,Major Banks
TFII,TFI International Inc. Common Shares,$116.43,-2.27,-1.912%,10150339806.00,,,155441,,
TFX,Teleflex Incorporated Common Stock,$240.80,-4.07,-1.662%,11295069548.00,United States,,494681,Health Care,Medical/Dental Instruments
TGT,Target Corporation Common Stock,$157.47,-5.24,-3.22%,72485029557.00,United States,,2908205,Consumer Discretionary,Department/Specialty Retail Stores
TJX,TJX Companies Inc. (The) Common Stock,$75.13,-1.23,-1.611%,86813026714.00,United States,,3820665,Consumer Discretionary,Department/Specialty Retail Stores
TLK,PT Telekomunikasi Indonesia Tbk,$26.59,-0.08,-0.30%,26340643367.00,Indonesia,,143851,Telecommunications,Telecommunications Equipment
TM,Toyota Motor Corporation Common Stock,$135.57,-0.21,-0.155%,184591287328.00,Japan,,301607,Consumer Discretionary,Auto Manufacturing
TME,Tencent Music Entertainment Group American Depositary Shares each representing two Class A Ordinary Shares,$7.18,0.04,0.56%,12170653801.00,,2018,5799073,Consumer Discretionary,Broadcasting
TMO,Thermo Fisher Scientific Inc Common Stock,$554.32,-2.38,-0.428%,217401841156.00,United States,,928425,Industrials,Biotechnology: Laboratory Analytical Instruments
TPL,Texas Pacific Land Corporation Common Stock,$1646.07,-60.43,-3.541%,12682139731.00,United States,,42326,Energy,Oil & Gas Production
TRGP,Targa Resources Inc. Common Stock,$68.20,-2.75,-3.876%,15438801393.00,United States,2010,1798001,Utilities,Natural Gas Distribution
TRI,Thomson Reuters Corp Ordinary Shares,$125.68,-0.10,-0.08%,59584888000.00,United States,,393281,,
TRP,TC Energy Corporation Common Stock,$37.90,-0.22,-0.577%,37900000000.00,Canada,,1515371,,
TRU,TransUnion Common Stock,$58.96,-1.66,-2.738%,11373384000.00,United States,2015,2210081,Finance,Advertising
TRV,The Travelers Companies Inc. Common Stock,$166.63,-5.12,-2.981%,38673868377.00,United States,,1284891,Finance,Property-Casualty Insurers
TS,Tenaris S.A. American Depositary Shares,$28.86,-0.77,-2.599%,17035146457.00,Luxembourg,,1739474,Industrials,Steel/Iron Ore
TSM,Taiwan Semiconductor Manufacturing Company Ltd.,$92.62,0.12,0.13%,480327320000.00,Taiwan,1997,12808333,Technology,Semiconductors
TSN,Tyson Foods Inc. Common Stock,$57.20,-1.03,-1.769%,20341804740.00,United States,,2224120,Consumer Staples,Meat/Poultry/Fish
TT,Trane Technologies plc,$181.65,-1.39,-0.759%,41611423796.00,Ireland,,1867138,Industrials,Auto Parts:O.E.M.
TTC,Toro Company (The) Common Stock,$108.80,-1.73,-1.565%,11388969229.00,United States,,347612,Consumer Discretionary,Tools/Hardware
TTE,TotalEnergies SE,$58.16,-0.70,-1.189%,143162643774.00,France,,1177527,Energy,Oil & Gas Production
TU,Telus Corporation Ordinary Shares,$19.68,-0.11,-0.556%,28299840000.00,Canada,,926521,,
TWLO,Twilio Inc. Class A Common Stock,$62.69,-2.89,-4.407%,11556299927.00,United States,2016,3489605,Industrials,Industrial Machinery/Components
TXT,Textron Inc. Common Stock,$67.47,-1.23,-1.79%,13845970614.00,United States,,1292268,Industrials,Aerospace
TYL,Tyler Technologies Inc. Common Stock,$320.71,-8.86,-2.688%,13354331688.00,United States,,148324,Technology,Computer Software: Prepackaged Software
U,Unity Software Inc. Common Stock,$28.36,-1.44,-4.832%,11430192903.00,United States,2020,8162625,Technology,Retail: Computer Software & Peripheral Equipment
UBER,Uber Technologies Inc. Common Stock,$31.52,-1.34,-4.078%,62863719357.00,,2019,24616925,Technology,EDP Services
UBS,UBS Group AG Registered Ordinary Shares,$20.40,-0.65,-3.088%,63397624925.00,Switzerland,2014,14633072,Finance,Major Banks
UDR,UDR Inc. Common Stock,$38.18,-1.05,-2.677%,12567542913.00,United States,,3064869,Real Estate,Real Estate Investment Trusts
UHAL,U-Haul Holding Company Common Stock,$55.45,-1.73,-3.026%,10872518446.00,United States,2022,182578,Consumer Discretionary,Rental/Leasing Companies
UI,Ubiquiti Inc. Common Stock,$265.46,-5.59,-2.062%,16044801121.00,United States,,29863,Technology,Radio And Television Broadcasting And Communications Equipment
UL,Unilever PLC Common Stock,$50.96,0.40,0.791%,129035817121.00,United Kingdom,,2529384,Consumer Discretionary,Package Goods/Cosmetics
UMC,United Microelectronics Corporation (NEW) Common Stock,$8.68,-0.05,-0.573%,21668212937.00,Taiwan,,7862438,Technology,Semiconductors
UNH,UnitedHealth Group Incorporated Common Stock (DE),$475.52,-4.58,-0.954%,444301671193.00,United States,,2630707,Health Care,Medical Specialities
UNP,Union Pacific Corporation Common Stock,$185.72,-3.82,-2.015%,113637050031.00,United States,,3325421,Industrials,Railroads
UPS,United Parcel Service Inc. Common Stock,$185.54,-1.25,-0.669%,159330802914.00,United States,1999,2757830,Consumer Discretionary,Air Freight/Delivery Services
URI,United Rentals Inc. Common Stock,$389.21,-9.08,-2.28%,26995446413.00,United States,1997,1206850,Consumer Discretionary,Diversified Commercial Services
USB,U.S. Bancorp Common Stock,$34.79,-2.73,-7.276%,53263490000.00,United States,,28345536,Finance,Major Banks
V,Visa Inc.,$220.04,-1.91,-0.861%,462477009923.00,United States,,6700244,Consumer Discretionary,Business Services
VALE,VALE S.A.  American Depositary Shares Each Representing one common share,$15.54,-0.18,-1.145%,71772028414.00,Brazil,,22740287,Basic Materials,Metal Mining
VEEV,Veeva Systems Inc. Class A Common Stock,$173.86,-3.22,-1.818%,27067995482.00,,2013,633398,Health Care,Managed Health Care
VICI,VICI Properties Inc. Common Stock,$30.34,-1.19,-3.774%,31371354386.00,,2018,6382908,Real Estate,Real Estate Investment Trusts
VIV,Telefonica Brasil S.A. American Depositary Shares (Each representing One Common Share),$7.28,-0.03,-0.41%,12110693002.00,Brazil,2020,1505686,Telecommunications,Telecommunications Equipment
VLO,Valero Energy Corporation Common Stock,$131.77,-0.42,-0.318%,50800402342.00,United States,,3908207,Energy,Integrated oil Companies
VMC,Vulcan Materials Company (Holding Company) Common Stock,$163.71,-2.43,-1.463%,21758183033.00,United States,,726244,,
VMW,Vmware Inc. Common stock Class A,$118.27,-0.30,-0.253%,50315194993.00,United States,2007,1187846,Technology,Computer Software: Prepackaged Software
VTR,Ventas Inc. Common Stock,$41.85,-2.05,-4.67%,16739731365.00,United States,,2558991,Real Estate,Real Estate Investment Trusts
WAB,Westinghouse Air Brake Technologies Corporation Common Stock,$95.56,-2.38,-2.43%,17234465788.00,United States,,717987,Industrials,Railroads
WAT,Waters Corporation Common Stock,$302.26,-6.37,-2.064%,17956533620.00,United States,1995,361648,Health Care,Medical Specialities
WCN,Waste Connections Inc. Common Shares,$132.19,-1.14,-0.855%,34001957273.00,Canada,,681140,Utilities,Power Generation
WDS,Woodside Energy Group Limited American Depositary Shares each representing one Ordinary Share,$21.74,0.37,1.731%,41278820022.00,,2022,829392,Energy,Oil & Gas Production
WEC,WEC Energy Group Inc. Common Stock,$90.63,-1.28,-1.393%,28587831545.00,United States,,1817574,Utilities,Power Generation
WELL,Welltower Inc. Common Stock,$66.17,-3.22,-4.64%,32456980530.00,United States,,2457123,Real Estate,Real Estate Investment Trusts
WFC,Wells Fargo & Company Common Stock,$37.20,-1.28,-3.326%,142617525614.00,United States,,22962060,Finance,Major Banks
WIT,Wipro Limited Common Stock,$4.38,-0.09,-2.013%,23987888267.00,India,,2441300,Technology,EDP Services
WLK,Westlake Corporation Common Stock,$106.60,-3.22,-2.932%,13595508053.00,United States,2004,488134,Industrials,Major Chemicals
WM,Waste Management Inc. Common Stock,$152.09,-2.42,-1.566%,62075862319.00,United States,,1428577,Utilities,Environmental Services
WMB,Williams Companies Inc. (The) Common Stock,$28.64,-0.54,-1.851%,34883520000.00,United States,,6225460,Utilities,Natural Gas Distribution
WMT,Walmart Inc. Common Stock,$139.52,-0.90,-0.641%,376257543534.00,United States,,6182164,Consumer Discretionary,Department/Specialty Retail Stores
WPC,W. P. Carey Inc. REIT,$75.40,-2.37,-3.047%,15880896613.00,United States,,766969,Real Estate,Real Estate Investment Trusts
WPM,Wheaton Precious Metals Corp Common Shares (Canada),$45.92,0.87,1.931%,20754139123.00,Canada,,2647912,,
WPP,WPP plc American Depositary Shares,$57.70,-0.52,-0.893%,12358616904.00,Ireland,,110726,,
WRB,W.R. Berkley Corporation Common Stock,$61.05,-1.45,-2.32%,16150533300.00,United States,,1317607,Finance,Property-Casualty Insurers
WSO,Watsco Inc. Common Stock,$294.35,-9.15,-3.015%,11401994289.00,United States,,194725,Consumer Discretionary,Wholesale Distributors
WST,West Pharmaceutical Services Inc. Common Stock,$328.94,-6.09,-1.818%,24352410744.00,United States,,534040,Health Care,Medical/Dental Instruments
WTRG,Essential Utilities Inc. Common Stock,$40.96,-0.80,-1.916%,10743433503.00,United States,,1643522,Utilities,Water Supply
WY,Weyerhaeuser Company Common Stock,$28.81,-1.03,-3.452%,21098917070.00,United States,,3818228,Real Estate,Real Estate Investment Trusts
XOM,Exxon Mobil Corporation Common Stock,$104.59,-2.45,-2.289%,426936380000.00,United States,,14949132,Energy,Oil & Gas Production
XYL,Xylem Inc. Common Stock New,$97.57,-0.95,-0.964%,17587560357.00,United States,2011,1750623,Industrials,Fluid Controls
YUM,Yum! Brands Inc.,$127.64,-0.91,-0.708%,35739200000.00,United States,,1059761,Consumer Discretionary,Restaurants
YUMC,Yum China Holdings Inc. Common Stock,$62.52,1.35,2.207%,26160348634.00,United States,2016,2071653,Consumer Discretionary,Restaurants
ZBH,Zimmer Biomet Holdings Inc. Common Stock,$125.39,-2.40,-1.878%,26339954552.00,United States,,959030,Health Care,Industrial Specialties
ZTO,ZTO Express (Cayman) Inc. American Depositary Shares each representing one Class A ordinary share.,$28.27,0.04,0.142%,22891155189.00,China,2016,3034693,Consumer Discretionary,Advertising
ZTS,Zoetis Inc. Class A Common Stock,$161.38,-4.86,-2.923%,74781348228.00,United States,2013,1475585,Health Care,Biotechnology: Pharmaceutical Preparations
